{
  "n": {
    "mass": 1.00866492
  },
  "H": {
    "mass": 1.00727645
  },
  "D": {
    "mass": 2.01355320
  },
  "T": {
    "mass": 3.01550070
  },
  "³He": {
    "mass": 3.01493216
  },
  "⁴He": {
    "mass": 4.00150609
  },
  "⁶Li": {
    "mass": 6.0134771
  },
  "⁷Li": {
    "mass": 7.0143588
  },
  "⁷Be": {
    "mass": 7.0147355
  },
  "¹¹B": {
    "mass": 11.0065625
  }
}
